,index,Name,Agility,Accelerated Healing,Durability,Stealth,Flight,Marksmanship,Weapons Master,Longevity,Intelligence,Super Strength,Energy Blasts,Stamina,Super Speed,Reflexes,Invulnerability
0,0,3-D Man,1,0,0,0,0,0,0,0,0,1,0,1,1,0,0
1,1,A-Bomb,0,1,1,0,0,0,0,1,0,1,0,1,0,0,0
2,2,Abe Sapien,1,1,1,0,0,1,1,1,1,1,0,1,0,1,0
3,3,Abin Sur,0,0,0,0,0,0,0,0,0,0,0,0,0,0,0
4,4,Abomination,0,1,0,0,0,0,0,0,1,1,0,1,1,0,1
5,5,Abraxas,0,0,0,0,1,0,0,0,1,1,0,0,1,0,1
6,6,Absorbing Man,0,0,1,0,0,0,0,0,0,1,0,0,0,0,1
7,7,Adam Monroe,0,1,0,0,0,0,0,0,0,0,0,0,0,0,0
8,8,Adam Strange,0,0,1,1,1,1,1,0,1,0,0,0,1,0,0
9,9,Agent Bob,0,0,0,1,0,0,0,0,0,0,0,0,0,0,0
10,10,Agent Zero,0,0,0,0,0,0,0,1,0,1,1,0,0,0,0
11,11,Air-Walker,0,0,0,0,1,0,0,0,0,1,0,0,1,0,0
12,12,Ajax,1,0,0,0,0,0,0,0,0,1,0,0,1,0,0
13,13,Alan Scott,0,0,0,0,1,0,0,0,1,0,1,0,1,0,0
14,14,Alex Mercer,1,1,0,1,0,1,1,1,0,1,1,1,1,0,1
15,15,Alex Woolsly,0,0,0,0,0,0,0,0,0,0,0,0,0,0,0
16,16,Alien,1,0,1,1,0,0,0,0,0,1,0,0,1,0,0
17,17,Allan Quatermain,0,0,0,0,0,1,0,0,0,0,0,0,0,0,0
18,18,Amazo,1,0,1,0,1,1,0,1,1,1,1,1,1,1,1
19,19,Ammo,0,0,0,0,0,0,1,0,0,0,0,0,0,0,0
20,20,Ando Masahashi,0,0,0,0,0,0,0,0,0,0,0,0,0,0,0
21,21,Angel,1,1,1,1,1,0,0,1,0,1,0,1,1,0,0
22,22,Angel Dust,1,0,0,0,0,0,0,0,0,1,0,1,1,0,0
23,23,Angel Salvadore,0,0,0,0,1,0,0,0,0,0,0,0,0,0,0
24,24,Angela,0,0,0,0,0,0,0,1,0,0,0,0,0,0,0
25,25,Animal Man,0,0,0,0,0,0,0,0,0,0,1,0,0,0,0
26,26,Annihilus,1,0,1,0,1,0,0,0,0,1,0,1,1,1,0
27,27,Ant-Man,0,0,0,0,0,0,0,0,1,0,0,0,0,0,0
28,28,Ant-Man II,1,0,0,1,0,0,0,0,1,1,0,1,0,0,0
29,29,Anti-Monitor,0,1,1,0,1,0,0,0,1,1,1,0,0,0,1
30,30,Anti-Spawn,0,0,1,0,0,0,0,0,0,1,1,1,0,0,0
31,31,Anti-Venom,0,1,1,0,0,0,0,0,0,1,0,1,0,1,0
32,32,Apocalypse,1,1,0,0,1,0,0,1,0,1,1,1,1,1,1
33,33,Aquababy,0,0,0,0,0,0,0,0,0,1,0,0,0,0,0
34,34,Aqualad,0,0,1,0,0,0,0,0,0,1,0,1,1,0,0
35,35,Aquaman,1,1,1,1,0,0,0,1,1,1,0,1,1,1,1
36,36,Arachne,1,1,1,0,0,0,0,0,0,1,0,1,1,1,0
37,37,Archangel,1,1,1,0,1,0,0,0,0,1,0,1,0,0,0
38,38,Arclight,0,0,1,0,0,0,0,0,0,1,0,1,0,0,0
39,39,Ardina,1,1,1,0,1,0,0,0,0,1,1,0,1,1,1
40,40,Ares,1,1,1,0,0,0,0,0,0,1,0,1,1,1,0
41,41,Ariel,0,0,0,0,0,0,0,0,0,0,0,0,0,0,0
42,42,Armor,0,0,0,0,0,0,0,0,0,1,0,0,0,0,0
43,43,Astro Boy,0,0,0,0,1,0,0,0,0,1,1,0,1,0,0
44,44,Atlas,0,0,1,1,0,0,0,0,1,1,0,1,1,1,1
45,45,Atom,0,0,0,0,0,0,0,1,0,1,0,1,1,0,0
46,46,Atom Girl,0,0,0,0,0,0,0,0,0,0,0,0,0,0,0
47,47,Atom II,0,0,0,0,1,0,0,0,0,1,0,0,0,0,0
48,48,Atom III,0,0,0,0,0,0,0,0,0,0,0,0,0,0,0
49,49,Atom IV,0,0,0,0,0,0,0,0,1,0,0,0,0,0,0
50,50,Aurora,0,1,1,0,1,0,0,0,0,0,1,0,1,1,0
51,51,Azazel,0,1,0,0,0,0,0,1,0,0,0,0,0,0,0
52,52,Azrael,0,0,0,0,0,0,1,0,0,1,0,1,1,0,0
53,53,Aztar,0,0,0,0,1,0,0,0,0,1,0,1,1,0,1
54,54,Bananaman,0,0,0,0,1,0,0,0,0,1,0,0,1,0,1
55,55,Bane,0,0,1,0,0,0,0,0,0,1,0,1,1,1,0
56,56,Banshee,0,0,0,0,1,0,0,0,0,0,0,0,0,0,0
57,57,Bantam,0,0,1,0,0,0,0,0,0,1,0,1,0,0,0
58,58,Batgirl,0,0,0,1,0,1,1,0,1,0,0,1,0,1,0
59,59,Batgirl IV,1,0,0,1,0,0,1,0,0,0,0,0,0,0,0
60,60,Batgirl VI,1,0,0,0,0,1,0,0,0,0,0,1,0,0,0
61,61,Batman,1,0,1,1,0,1,1,0,1,1,0,1,1,1,0
62,62,Batman II,1,0,0,1,0,1,1,0,1,0,0,1,0,0,0
63,63,Battlestar,1,0,1,0,0,0,0,0,0,1,0,1,1,1,0
64,64,Batwoman V,0,0,0,1,0,1,1,0,1,0,0,1,0,0,0
65,65,Beak,0,0,0,0,1,0,0,0,0,0,0,0,0,0,0
66,66,Beast,1,1,0,0,0,0,0,0,1,1,0,1,1,1,0
67,67,Beast Boy,1,0,1,0,1,0,0,0,0,1,0,0,1,0,0
68,68,Ben 10,0,0,0,0,0,0,0,0,0,0,0,0,0,0,0
69,69,Beta Ray Bill,0,1,0,0,0,0,0,0,0,1,0,1,1,0,1
70,70,Beyonder,0,1,0,0,1,0,0,0,0,1,1,0,1,0,1
71,71,Big Barda,1,0,1,0,1,0,0,1,0,1,0,1,0,1,1
72,72,Big Daddy,0,0,0,0,0,0,0,0,0,0,0,1,0,0,0
73,73,Big Man,0,0,0,0,0,1,0,0,0,0,0,0,0,0,0
74,74,Bill Harken,0,0,0,0,0,0,0,0,0,1,0,0,1,0,0
75,75,Billy Kincaid,0,0,0,0,0,0,0,0,0,0,0,0,0,0,0
76,76,Binary,0,0,1,0,1,0,0,0,0,1,1,0,1,0,0
77,77,Bionic Woman,1,0,1,0,0,0,0,0,0,1,0,1,1,0,0
78,78,Bird-Brain,0,0,0,0,1,0,0,0,0,0,0,0,0,0,0
79,79,Bird-Man,0,0,0,0,1,0,0,0,0,1,0,0,0,0,0
80,80,Bird-Man II,0,0,0,0,1,0,0,0,0,0,0,0,0,0,0
81,81,Birdman,1,0,0,0,1,0,0,1,1,1,1,1,0,0,0
82,82,Bishop,0,1,0,0,0,0,0,0,0,1,1,1,0,0,1
83,83,Bizarro,1,1,1,0,1,1,0,1,0,1,0,1,1,0,1
84,84,Bizarro-Girl,1,1,1,0,1,0,0,0,0,1,0,1,1,1,1
85,85,Black Abbott,0,0,0,0,0,0,0,0,0,0,1,0,0,0,0
86,86,Black Adam,0,1,0,0,1,0,0,1,1,1,1,1,1,0,1
87,87,Black Bolt,1,0,1,0,1,0,0,1,0,1,1,1,1,1,0
88,88,Black Canary,1,0,0,1,0,1,1,0,1,0,0,1,0,1,0
89,89,Black Cat,1,0,0,0,0,0,0,0,0,1,0,1,1,1,0
90,90,Black Flash,1,0,0,1,1,0,0,0,0,1,0,1,1,0,0
91,91,Black Knight III,0,0,0,0,0,0,0,0,0,0,0,0,0,0,0
92,92,Black Lightning,0,0,0,0,1,0,0,0,0,0,1,0,0,0,0
93,93,Black Mamba,0,0,0,0,0,0,0,0,0,0,0,0,0,0,0
94,94,Black Manta,1,0,1,1,0,1,1,0,0,1,1,1,1,0,0
95,95,Black Panther,1,0,0,1,0,1,1,0,0,0,0,1,0,1,0
96,96,Black Vulcan,0,0,0,0,1,0,0,0,0,0,0,0,1,0,0
97,97,Black Widow,1,0,0,1,0,1,1,1,1,0,0,1,0,1,0
98,98,Blackout,1,1,1,0,0,0,0,0,0,1,0,1,1,1,0
99,99,Blackwing,0,0,0,0,1,0,0,0,0,0,0,0,0,0,0
100,100,Blackwulf,0,0,1,0,0,0,0,0,0,1,1,0,0,0,0
101,101,Blade,1,1,0,0,0,0,1,0,0,1,0,1,1,0,0
102,102,Bling!,0,0,1,0,0,0,0,0,0,0,0,0,0,0,0
103,103,Blink,0,0,0,0,0,0,0,0,0,0,0,0,0,0,0
104,104,Blizzard,0,0,0,0,0,0,0,0,0,0,0,0,0,0,0
105,105,Blizzard II,0,0,0,0,0,0,0,0,0,0,0,0,0,0,0
106,106,Blob,0,0,1,0,0,0,0,0,0,1,0,0,0,0,0
107,107,Bloodaxe,1,0,1,0,0,0,0,0,0,1,1,1,1,1,1
108,108,Bloodhawk,0,0,0,0,1,0,0,0,0,0,0,0,0,0,0
109,109,Bloodwraith,0,0,0,0,0,0,1,0,0,1,1,0,0,0,1
110,110,Blue Beetle,0,0,0,0,1,0,0,0,0,1,1,0,0,0,0
111,111,Blue Beetle II,0,0,0,0,0,0,0,0,1,0,0,0,0,0,0
112,112,Blue Beetle III,1,1,0,0,1,0,0,0,0,1,1,0,0,0,0
113,113,Blue Streak,0,1,0,0,0,0,0,0,0,0,0,0,1,0,0
114,114,Boba Fett,1,0,0,1,1,1,1,0,1,0,0,1,0,0,0
115,115,Bomb Queen,0,1,0,0,0,0,0,0,0,0,1,0,0,0,0
116,116,Boom-Boom,1,0,0,0,0,0,0,0,0,0,1,0,0,0,0
117,117,Booster Gold,1,0,1,0,1,0,1,1,1,1,1,0,0,0,1
118,118,Box IV,0,0,0,0,0,0,0,0,0,0,0,0,0,0,0
119,119,Bradley,0,0,0,0,0,0,0,0,0,0,0,0,0,0,0
120,120,Brainiac,0,0,1,0,1,0,0,1,1,1,0,0,1,0,0
121,121,Brainiac 5,0,0,0,0,0,0,0,0,1,0,0,0,0,0,0
122,122,Brother Voodoo,0,0,0,0,0,0,0,0,0,0,0,0,0,0,0
123,123,Brundlefly,1,0,0,1,0,0,0,0,0,1,0,1,0,0,0
124,124,Buffy,1,1,1,1,0,0,0,0,0,1,0,1,1,1,0
125,125,Bullseye,0,0,1,0,0,1,1,0,0,0,0,0,0,0,0
126,126,Bumblebee,0,0,0,1,1,0,0,0,1,1,1,1,0,0,0
127,127,Bumbleboy,0,0,0,0,1,0,0,0,0,0,0,0,0,0,0
128,128,Bushido,1,0,0,0,0,0,1,0,0,0,0,0,0,0,0
129,129,Cable,1,1,1,1,1,1,1,0,1,1,1,1,1,0,0
130,130,Callisto,1,1,0,0,0,0,0,0,0,1,0,0,0,1,0
131,131,Cameron Hicks,0,0,0,0,0,1,0,0,0,0,0,0,0,0,0
132,132,Cannonball,0,0,0,0,1,0,0,0,0,0,0,0,1,0,0
133,133,Captain America,1,0,1,1,0,1,1,1,0,0,0,1,0,1,0
134,134,Captain Atom,1,1,0,0,1,0,1,0,0,1,1,0,1,0,1
135,135,Captain Britain,1,0,1,1,1,0,0,0,0,1,0,1,1,1,0
136,136,Captain Cold,0,0,0,0,0,0,0,0,0,0,0,0,0,0,0
137,137,Captain Epic,0,0,0,0,0,0,0,0,0,1,0,0,1,0,0
138,138,Captain Hindsight,0,0,0,0,1,0,0,0,0,0,0,0,1,0,0
139,139,Captain Marvel,1,1,1,0,1,1,0,1,1,1,1,1,1,1,1
140,140,Captain Marvel II,0,0,0,0,0,0,0,0,1,1,0,0,0,0,1
141,141,Captain Midnight,0,0,0,1,1,1,0,0,1,0,0,0,0,0,0
142,142,Captain Planet,0,0,0,0,1,0,0,0,0,1,1,1,1,0,1
143,143,Captain Universe,0,0,0,0,1,0,0,0,0,0,1,0,0,0,0
144,144,Carnage,1,1,1,0,0,0,0,0,0,1,0,1,1,1,0
145,145,Cat,1,0,0,0,0,0,0,0,0,1,0,1,0,0,0
146,146,Catwoman,1,0,0,1,0,1,0,0,0,0,0,1,0,0,0
147,147,Century,0,0,0,0,0,0,0,0,0,0,0,0,0,0,0
148,148,Cerebra,0,0,0,0,0,0,0,0,0,0,0,0,0,0,0
149,149,Chamber,0,0,0,0,0,0,0,0,0,0,0,0,0,0,0
150,150,Chameleon,0,0,0,0,0,0,0,0,0,0,0,0,0,0,0
151,151,Changeling,0,0,0,0,0,0,0,0,0,0,0,0,0,0,0
152,152,Cheetah,1,0,0,1,0,0,0,0,0,0,0,1,0,1,0
153,153,Cheetah II,1,0,0,0,0,0,0,0,0,1,0,1,1,1,0
154,154,Cheetah III,1,0,1,1,0,0,0,0,1,1,0,1,1,1,0
155,155,Chromos,1,0,0,0,0,0,0,0,0,1,1,1,0,1,0
156,156,Chuck Norris,0,0,0,0,0,0,0,0,0,0,0,0,0,0,0
157,157,Citizen Steel,1,0,1,0,0,0,0,0,0,1,0,0,1,1,0
158,158,Claire Bennet,0,1,0,0,0,0,0,0,0,0,0,0,0,0,0
159,159,Clayface,1,0,0,0,0,0,0,0,0,1,0,1,1,0,0
160,160,Cloak,0,0,0,0,0,0,0,0,0,0,0,0,0,0,0
161,161,Cogliostro,0,0,0,0,0,0,0,0,0,0,0,0,0,0,1
162,162,Colossus,0,0,1,0,0,0,0,0,0,1,0,1,1,0,1
163,163,Concrete,0,0,0,0,0,0,0,0,0,1,0,1,0,0,0
164,164,Copycat,0,0,0,1,0,0,1,0,0,0,0,0,0,0,0
165,165,Cottonmouth,0,0,0,0,0,0,0,0,0,1,0,0,0,0,0
166,166,Crimson Crusader,0,0,0,0,1,0,0,1,0,0,0,0,0,0,0
167,167,Crimson Dynamo,0,0,1,0,1,0,0,0,0,1,1,0,0,0,0
168,168,Crystal,0,0,0,0,0,0,0,0,0,1,0,1,1,1,0
169,169,Curse,0,0,0,0,0,0,0,0,1,0,1,0,0,0,0
170,170,Cy-Gor,0,0,0,0,0,0,0,0,0,1,0,1,1,0,0
171,171,Cyborg,0,0,1,0,1,0,0,0,0,1,0,1,1,0,0
172,172,Cyborg Superman,0,0,1,0,1,0,0,0,0,1,0,1,1,0,1
173,173,Cyclops,1,0,0,0,0,1,0,0,1,0,1,0,0,0,0
174,174,DL Hawkins,0,0,0,0,0,0,0,0,0,0,0,0,0,0,0
175,175,Dagger,0,0,0,0,0,0,0,0,0,0,1,0,0,0,0
176,176,Daphne Powell,0,0,0,0,0,0,0,0,0,0,0,0,0,0,0
177,177,Daredevil,1,0,0,1,0,1,1,0,1,0,0,1,0,1,0
178,178,Darkhawk,0,0,1,0,1,0,0,0,0,0,1,0,0,0,0
179,179,Darkman,0,0,1,0,0,0,0,0,1,1,0,0,0,0,0
180,180,Darkseid,1,1,0,0,1,1,0,0,1,1,1,1,1,1,1
181,181,Darkstar,0,0,0,0,1,0,0,0,0,0,1,0,0,0,0
182,182,Darth Maul,1,0,1,1,0,1,1,0,0,1,0,1,0,0,0
183,183,Darth Vader,1,1,1,1,0,1,1,0,1,0,1,0,1,1,0
184,184,Dash,1,0,0,0,0,0,0,0,0,0,0,1,1,1,0
185,185,Data,1,0,1,0,0,0,0,1,1,1,0,0,1,1,0
186,186,Dazzler,1,0,0,0,0,1,0,0,0,0,1,1,0,0,0
187,187,Deadman,1,0,0,0,1,0,0,0,0,0,0,1,0,0,0
188,188,Deadpool,1,1,0,1,0,1,1,1,0,0,0,1,0,1,0
189,189,Deadshot,0,0,0,1,0,1,1,0,0,0,0,1,0,0,0
190,190,Deathlok,1,0,1,0,0,0,0,0,1,1,0,1,1,1,0
191,191,Deathstroke,1,1,1,0,0,0,1,1,0,1,0,0,1,1,0
192,192,Dementor,1,0,0,0,0,0,0,0,0,1,0,0,0,0,0
193,193,Demogoblin,1,0,0,0,0,0,0,0,0,1,0,1,1,1,0
194,194,Destroyer,0,0,0,0,0,0,0,0,0,1,1,0,0,0,0
195,195,Diamondback,0,0,0,0,0,1,1,0,0,0,0,0,0,0,0
196,196,Doc Samson,0,0,1,0,0,0,0,0,0,1,0,1,0,0,0
197,197,Doctor Doom,0,0,1,0,1,0,0,0,0,1,1,1,1,0,0
198,198,Doctor Doom II,0,0,0,0,1,0,0,0,0,1,1,0,0,0,0
199,199,Doctor Fate,0,1,0,0,1,0,0,1,0,1,1,0,1,0,0
200,200,Doctor Octopus,1,0,0,0,0,1,0,0,1,1,0,1,1,0,0
201,201,Doctor Poison,0,0,0,0,0,0,0,0,1,0,0,0,0,0,0
202,202,Doctor Strange,0,0,0,0,1,0,0,1,0,0,1,0,0,0,0
203,203,Domino,1,0,0,0,0,1,0,0,0,0,0,0,0,1,0
204,204,Donatello,1,1,0,1,0,1,1,0,0,0,0,1,0,0,0
205,205,Donna Troy,0,0,0,0,1,0,0,0,0,1,0,0,1,0,0
206,206,Doomsday,1,1,1,0,0,0,0,0,0,1,0,1,1,1,1
207,207,Doppelganger,1,1,0,0,0,0,0,0,0,1,0,1,1,1,0
208,208,Dormammu,0,0,0,0,0,0,0,0,0,1,0,1,1,0,0
209,209,Dr Manhattan,0,1,1,0,1,0,0,1,1,1,1,0,1,0,1
210,210,Drax the Destroyer,1,1,1,0,0,0,1,0,0,1,0,1,0,0,0
211,211,Ego,0,0,0,0,0,0,0,0,0,1,0,0,1,0,0
212,212,Elastigirl,1,0,1,0,0,0,0,0,0,1,0,0,0,0,1
213,213,Electro,0,0,0,0,0,0,0,0,0,0,0,0,1,0,0
214,214,Elektra,1,0,0,1,0,1,1,0,1,0,0,0,0,0,0
215,215,Elle Bishop,0,0,0,0,0,0,0,0,0,0,0,0,0,0,0
216,216,Elongated Man,1,0,1,0,0,0,0,0,0,0,0,0,0,0,0
217,217,Emma Frost,0,0,1,0,0,0,0,0,0,1,0,1,0,0,0
218,218,Enchantress,0,1,1,0,1,0,0,0,0,1,0,0,0,1,0
219,219,Energy,0,0,0,0,1,0,0,0,0,0,0,0,0,0,0
220,220,Ethan Hunt,1,0,1,1,0,1,1,0,1,0,0,1,0,1,0
221,221,Etrigan,0,1,1,0,0,0,0,0,0,1,1,0,0,0,0
222,222,Evil Deadpool,1,1,0,1,0,1,1,1,0,0,0,1,0,1,0
223,223,Evilhawk,0,1,1,0,1,0,0,0,0,1,1,0,0,0,0
224,224,Exodus,0,1,0,0,1,0,0,0,0,0,1,0,0,0,0
225,225,Fabian Cortez,0,0,0,0,0,0,0,0,0,0,0,0,0,0,0
226,226,Falcon,0,0,0,0,1,0,0,0,0,0,0,0,0,0,0
227,227,Fallen One II,0,1,1,0,1,0,0,0,0,1,1,0,1,0,1
228,228,Faora,0,1,1,0,1,0,0,1,1,1,0,1,1,0,1
229,229,Feral,1,1,0,0,0,0,0,0,0,1,0,0,1,1,0
230,230,Fighting Spirit,0,0,0,0,1,0,0,0,0,1,0,0,0,0,1
231,231,Fin Fang Foom,0,1,1,0,1,0,0,1,0,1,0,1,0,0,0
232,232,Fire,0,0,0,0,1,0,0,0,0,0,0,0,0,0,0
233,233,Firebird,0,0,0,0,1,0,0,0,0,0,1,0,0,0,0
234,234,Firelord,0,0,1,0,1,0,0,0,0,0,1,0,0,0,0
235,235,Firestar,0,0,0,0,1,0,0,0,0,0,1,0,0,0,0
236,236,Firestorm,0,0,1,0,1,0,0,0,0,1,1,0,0,0,0
237,237,Flash,0,1,0,0,1,0,0,1,0,0,0,1,1,1,0
238,238,Flash Gordon,0,0,0,0,0,1,0,0,0,0,0,0,0,0,0
239,239,Flash II,1,1,0,0,1,0,0,1,0,0,1,1,1,1,0
240,240,Flash III,0,1,0,0,1,0,0,1,0,1,0,1,1,1,0
241,241,Flash IV,0,1,0,0,0,0,0,0,0,0,0,0,1,1,0
242,242,Forge,0,0,0,0,0,0,0,0,1,0,0,0,0,0,0
243,243,Franklin Richards,1,0,1,0,1,0,0,1,1,1,1,1,1,0,1
244,244,Frenzy,0,0,0,0,0,0,0,0,0,1,0,1,0,0,1
245,245,Frigga,0,0,0,0,0,0,0,0,0,1,0,0,0,0,0
246,246,Galactus,0,1,1,0,1,1,0,1,1,1,1,1,1,0,1
247,247,Gambit,1,0,0,0,0,0,0,0,0,0,0,0,0,0,0
248,248,Gamora,1,1,1,1,0,1,1,0,1,1,0,1,1,1,0
249,249,Garbage Man,0,1,0,0,0,0,0,0,0,0,0,0,0,0,0
250,250,Gary Bell,0,0,0,0,0,0,0,0,1,0,0,0,0,0,0
251,251,General Zod,0,1,1,0,1,0,0,1,1,1,0,1,1,0,1
252,252,Genesis,0,0,0,0,0,0,0,0,0,0,0,0,0,0,0
253,253,Ghost Rider,1,1,1,0,0,1,0,1,0,1,1,1,1,0,1
254,254,Ghost Rider II,0,0,1,0,0,0,0,0,0,1,0,0,0,0,0
255,255,Giganta,0,0,1,0,0,0,0,0,1,1,0,0,0,0,0
256,256,Gladiator,1,1,0,0,1,0,0,1,0,1,0,1,1,1,1
257,257,Goblin Queen,0,0,0,0,0,0,0,0,0,0,0,0,0,0,0
258,258,Godzilla,1,0,1,0,0,0,0,1,0,1,1,1,0,0,1
259,259,Gog,1,0,0,0,0,0,0,0,0,1,0,0,0,0,0
260,260,Goku,1,1,0,0,1,1,1,1,0,1,1,1,1,0,1
261,261,Goliath IV,0,0,0,0,0,0,0,0,0,1,0,0,0,0,0
262,262,Gorilla Grodd,1,0,1,0,0,0,0,0,1,1,1,0,0,0,0
263,263,Granny Goodness,0,0,1,0,0,0,0,0,0,1,0,0,0,0,0
264,264,Gravity,0,0,0,0,1,0,0,0,0,0,1,0,0,0,0
265,265,Greedo,0,0,0,0,0,0,1,0,0,0,0,0,0,0,0
266,266,Green Arrow,1,0,0,1,0,1,1,0,0,0,0,1,0,0,0
267,267,Green Goblin,1,1,1,0,0,1,0,0,1,1,0,1,1,1,0
268,268,Green Goblin II,0,1,1,0,0,0,0,0,1,1,0,1,1,1,0
269,269,Green Goblin III,0,0,1,0,0,0,0,0,0,1,0,0,0,0,0
270,270,Green Goblin IV,0,0,1,0,0,0,0,0,0,1,0,0,0,0,0
271,271,Groot,0,0,1,0,0,0,0,1,1,1,0,1,0,0,1
272,272,Guy Gardner,0,0,1,0,1,1,0,0,0,1,1,1,1,1,0
273,273,Hal Jordan,1,0,0,0,1,1,1,0,0,1,1,1,1,1,0
274,274,Han Solo,1,0,0,1,0,1,1,0,0,0,0,1,0,0,0
275,275,Hancock,1,1,1,0,1,0,0,0,0,1,0,1,1,1,1
276,276,Harley Quinn,1,1,0,1,0,1,0,0,1,1,0,1,0,1,0
277,277,Harry Potter,1,1,0,1,0,0,0,0,1,0,1,1,0,0,0
278,278,Havok,0,0,0,0,1,0,0,0,0,0,1,0,0,0,0
279,279,Hawk,0,1,0,0,1,0,0,0,0,1,0,1,1,0,1
280,280,Hawkeye,1,0,0,1,0,1,1,0,0,0,0,1,0,0,0
281,281,Hawkeye II,0,0,0,0,0,0,1,0,0,0,0,1,0,0,0
282,282,Hawkgirl,0,1,1,0,1,0,0,0,0,1,0,0,0,1,0
283,283,Hawkman,0,0,0,0,0,0,0,0,0,0,0,0,0,0,0
284,284,Heat Wave,0,0,0,0,0,0,0,0,0,0,0,0,0,0,0
285,285,Hela,1,1,1,0,0,0,0,1,0,1,0,1,1,0,1
286,286,Hellboy,0,1,1,0,0,0,1,1,0,1,0,1,0,0,1
287,287,Hellcat,1,0,0,0,0,0,0,0,1,1,0,0,0,0,0
288,288,Hellgramite,0,0,1,0,0,0,0,0,0,1,0,0,0,0,0
289,289,Hellstorm,0,1,0,0,1,0,0,0,0,0,1,0,0,0,0
290,290,Hercules,0,1,1,0,0,0,0,1,0,1,0,1,1,0,1
291,291,Hiro Nakamura,0,0,0,0,0,0,0,0,0,0,0,0,0,0,0
292,292,Hit-Girl,1,0,0,1,0,0,0,0,1,0,0,1,0,1,0
293,293,Hobgoblin,0,0,0,0,0,0,0,0,0,1,0,1,1,1,0
294,294,Hollow,0,0,1,0,0,0,0,0,0,0,0,0,0,0,0
295,295,Hope Summers,0,0,0,0,0,0,0,0,0,0,1,0,0,0,0
296,296,Hulk,1,1,1,0,0,0,0,1,0,1,0,1,1,1,1
297,297,Human Torch,1,0,0,0,1,1,0,0,0,0,1,0,1,0,0
298,298,Huntress,0,0,0,0,0,1,0,0,0,0,0,0,0,0,0
299,299,Husk,0,0,1,0,0,0,0,0,0,1,0,0,1,0,0
300,300,Hybrid,1,1,1,1,1,1,0,0,0,1,0,1,1,1,0
301,301,Hydro-Man,0,0,0,0,0,0,0,0,0,0,0,0,0,0,1
302,302,Hyperion,1,0,1,0,1,0,0,1,1,1,0,1,1,0,1
303,303,Iceman,1,1,1,0,0,1,0,0,0,1,1,1,0,0,1
304,304,Impulse,0,1,0,0,1,0,0,1,0,0,0,1,1,0,0
305,305,Indiana Jones,0,0,0,0,0,0,0,0,1,0,0,1,0,1,0
306,306,Indigo,0,0,0,0,1,0,0,0,1,0,0,0,0,0,0
307,307,Ink,0,1,0,0,1,0,0,0,0,1,0,0,0,0,0
308,308,Invisible Woman,0,0,0,1,0,0,0,0,1,0,0,0,0,0,0
309,309,Iron Fist,1,1,1,0,0,0,1,1,0,1,1,1,1,1,0
310,310,Iron Man,0,1,1,0,1,1,0,0,0,1,1,1,1,1,0
311,311,Iron Monger,0,0,1,0,1,0,0,0,1,1,0,0,0,0,0
312,312,Isis,0,1,1,0,1,0,0,0,1,1,0,1,1,0,0
313,313,JJ Powell,0,0,0,0,0,0,0,0,1,0,0,0,0,0,0
314,314,Jack of Hearts,0,1,1,0,1,0,0,0,1,1,1,1,1,0,0
315,315,Jack-Jack,1,0,0,0,1,0,0,0,0,1,0,0,1,0,1
316,316,James Bond,0,0,1,1,0,1,1,0,1,0,0,1,0,1,0
317,317,James T. Kirk,0,0,0,1,0,1,1,0,1,0,0,1,0,0,0
318,318,Jar Jar Binks,1,0,0,1,0,0,0,0,0,0,0,0,0,0,0
319,319,Jason Bourne,1,0,1,1,0,1,1,0,1,0,0,1,0,1,0
320,320,Jean Grey,0,0,0,0,0,0,0,0,0,0,0,0,0,0,0
321,321,Jean-Luc Picard,0,0,0,0,0,1,0,0,1,0,0,0,0,0,0
322,322,Jennifer Kale,0,0,0,0,0,0,0,0,0,0,0,0,0,0,0
323,323,Jessica Cruz,1,0,0,0,1,1,0,0,0,1,1,1,1,1,0
324,324,Jessica Jones,0,0,1,0,1,0,0,0,0,1,0,0,1,0,0
325,325,Jim Powell,0,0,1,0,0,0,0,0,0,1,0,0,0,0,0
326,326,Johann Krauss,0,0,0,0,0,0,0,0,0,0,0,0,0,0,0
327,327,John Constantine,0,1,0,0,0,0,0,0,0,0,0,0,0,0,0
328,328,John Stewart,0,0,1,0,1,1,1,0,1,1,1,0,1,0,0
329,329,John Wraith,0,0,0,0,0,0,0,1,0,0,0,0,0,0,0
330,330,Joker,0,0,1,1,0,1,1,0,1,0,0,1,0,0,0
331,331,Jolt,0,0,0,0,0,0,0,0,0,1,1,0,1,1,0
332,332,Jubilee,0,0,0,0,0,0,0,0,0,0,1,0,0,0,0
333,333,Judge Dredd,1,0,0,0,0,1,1,0,0,0,0,1,0,1,0
334,334,Juggernaut,0,1,1,0,0,0,0,0,0,1,0,1,1,0,1
335,335,Junkpile,0,0,1,0,0,0,0,0,0,1,0,1,0,0,1
336,336,Justice,0,0,0,0,1,0,0,0,0,0,1,0,1,0,0
337,337,K-2SO,0,0,1,0,0,1,0,0,0,0,0,1,0,0,0
338,338,Kang,0,0,1,0,0,0,0,1,0,1,1,0,0,0,0
339,339,Karate Kid,1,0,0,1,1,0,1,0,1,1,0,0,1,1,0
340,340,Kathryn Janeway,0,0,0,0,0,0,0,0,1,0,0,0,0,0,0
341,341,Katniss Everdeen,1,0,0,1,0,1,1,0,0,0,0,1,0,1,0
342,342,Kevin 11,1,1,0,0,1,0,0,0,0,1,0,1,1,0,0
343,343,Kick-Ass,1,0,1,0,0,0,0,0,0,0,0,1,0,0,0
344,344,Kid Flash,0,1,0,0,0,0,0,0,0,0,0,0,1,0,0
345,345,Killer Croc,1,1,1,0,0,0,0,0,0,1,0,1,1,1,0
346,346,Killer Frost,0,0,1,0,0,0,0,0,0,0,0,0,0,0,0
347,347,Kilowog,0,1,1,0,0,0,0,0,0,1,0,1,0,0,0
348,348,King Kong,1,0,1,1,0,0,0,1,0,1,0,1,1,1,0
349,349,King Shark,0,0,1,1,0,0,0,1,0,1,0,1,1,0,1
350,350,Klaw,0,0,1,0,0,0,0,0,0,1,1,0,0,0,1
351,351,Kool-Aid Man,0,0,1,0,0,0,0,0,0,0,0,0,0,0,0
352,352,Kraven II,1,1,0,0,0,0,0,0,0,1,0,1,1,0,0
353,353,Kraven the Hunter,1,0,0,0,0,0,0,1,0,1,0,1,1,1,0
354,354,Krypto,0,1,0,0,1,0,0,0,0,1,0,1,1,0,1
355,355,Kyle Rayner,0,0,0,0,1,1,0,0,0,1,1,0,1,0,0
356,356,Kylo Ren,1,1,1,1,0,1,1,0,1,1,1,0,1,1,0
357,357,Lady Bullseye,0,0,0,0,0,1,0,0,0,0,0,0,0,0,0
358,358,Lady Deathstrike,1,1,1,1,0,0,0,0,1,1,0,1,1,1,0
359,359,Lara Croft,1,0,0,1,0,1,1,0,1,0,0,1,0,1,0
360,360,Leader,0,0,0,0,0,0,0,0,1,0,0,0,0,0,0
361,361,Leech,0,0,0,0,0,0,0,0,0,0,0,0,0,0,0
362,362,Legion,1,1,0,1,1,0,0,0,0,1,0,1,1,0,0
363,363,Leonardo,1,1,0,1,0,1,1,0,0,0,0,1,0,1,0
364,364,Lex Luthor,0,0,1,0,1,0,1,0,1,1,1,0,0,0,0
365,365,Light Lass,0,0,0,0,1,0,0,0,0,0,0,0,0,0,0
366,366,Lightning Lad,0,0,0,0,0,0,0,0,0,0,0,0,0,0,0
367,367,Lightning Lord,0,0,0,0,0,0,0,0,0,0,0,0,0,0,0
368,368,Little Epic,0,0,0,0,0,0,0,0,0,0,0,0,1,0,0
369,369,Living Brain,0,0,1,0,1,0,0,0,1,1,0,0,0,0,0
370,370,Living Tribunal,1,1,0,1,1,0,0,0,1,1,1,0,1,0,1
371,371,Liz Sherman,0,0,0,0,0,0,0,0,0,0,0,0,0,0,0
372,372,Lizard,0,0,1,0,0,0,0,0,0,1,0,1,1,1,0
373,373,Lobo,0,0,1,0,0,0,0,1,1,1,0,1,0,0,1
374,374,Loki,0,1,1,0,1,0,0,1,1,1,0,1,0,0,0
375,375,Longshot,1,0,0,0,0,0,0,0,0,0,0,1,1,1,0
376,376,Lord Voldemort,0,1,0,1,1,0,0,0,1,0,1,0,0,0,1
377,377,Luke Cage,0,1,1,0,0,0,0,0,0,1,0,1,0,0,1
378,378,Luke Campbell,0,0,0,0,0,0,0,0,0,0,0,0,0,0,0
379,379,Luke Skywalker,1,1,0,1,0,1,1,0,1,0,1,0,1,1,0
380,380,Luna,0,0,0,0,0,0,0,0,0,0,0,0,0,0,0
381,381,Lyja,0,0,0,0,0,0,0,0,0,0,1,0,0,0,0
382,382,MODOK,1,0,0,0,1,0,1,1,1,0,1,0,0,0,0
383,383,Mach-IV,0,0,1,0,1,0,0,0,0,1,0,0,1,0,0
384,384,Machine Man,0,0,1,0,1,0,0,0,0,1,0,1,0,0,0
385,385,Magneto,0,0,1,0,1,0,0,0,1,1,0,1,0,0,0
386,386,Magog,0,0,1,0,0,0,0,0,0,1,1,0,0,0,0
387,387,Magus,0,0,0,0,1,0,0,0,0,1,0,0,0,0,0
388,388,Man of Miracles,0,1,0,0,0,0,0,1,1,1,0,0,1,0,1
389,389,Man-Bat,1,0,0,0,1,0,0,0,0,1,0,0,1,1,0
390,390,Man-Thing,0,0,1,1,0,0,0,0,0,1,0,0,0,0,1
391,391,Man-Wolf,1,1,0,0,0,0,0,0,0,1,0,1,1,0,0
392,392,Mandarin,0,0,0,0,0,0,1,0,1,0,1,0,0,0,0
393,393,Mantis,0,1,1,0,1,0,0,1,1,0,0,0,0,0,0
394,394,Martian Manhunter,1,0,1,1,1,1,0,0,1,1,0,1,1,1,1
395,395,Marvel Girl,0,0,0,0,1,0,0,0,0,0,1,0,0,0,0
396,396,Master Brood,0,1,0,0,0,0,0,1,0,0,0,0,0,0,0
397,397,Master Chief,1,1,1,0,0,1,0,1,0,0,0,1,1,0,0
398,398,Match,0,1,1,0,1,0,0,0,0,1,1,0,1,0,1
399,399,Matt Parkman,0,0,0,0,0,0,0,0,0,0,0,0,0,0,0
400,400,Maverick,0,0,0,0,0,0,0,0,0,0,0,0,0,0,0
401,401,Maxima,0,0,1,0,1,0,0,0,0,1,0,1,1,0,0
402,402,Maya Herrera,0,0,0,0,0,0,0,0,0,0,0,0,0,0,0
403,403,Medusa,0,0,1,0,0,0,0,0,0,1,0,1,1,1,0
404,404,Meltdown,1,0,0,0,0,0,0,0,0,0,1,0,0,0,0
405,405,Mephisto,0,1,1,0,0,0,0,1,0,1,1,1,1,0,0
406,406,Mera,0,0,1,1,0,0,0,0,0,1,0,0,1,1,0
407,407,Metallo,0,0,1,0,0,0,0,0,0,1,0,1,0,0,0
408,408,Metamorpho,0,0,0,0,0,0,0,0,0,0,0,0,0,0,0
409,409,Metron,0,0,0,0,1,0,0,1,1,0,0,0,0,0,0
410,410,Micah Sanders,0,0,0,0,0,0,0,0,0,0,0,0,0,0,0
411,411,Michelangelo,1,1,0,1,0,1,1,0,0,0,0,1,0,1,0
412,412,Micro Lad,0,0,0,0,0,0,0,0,0,0,0,0,0,0,0
413,413,Mimic,0,0,1,0,1,0,0,0,0,1,1,0,0,1,0
414,414,Minna Murray,0,0,1,0,0,0,0,0,0,1,0,0,1,0,0
415,415,Misfit,0,1,0,0,0,0,0,0,0,1,0,0,0,0,0
416,416,Miss Martian,0,1,0,0,1,0,0,0,0,1,1,1,1,0,1
417,417,Mister Fantastic,0,0,1,0,0,0,0,0,1,0,0,0,0,0,0
418,418,Mister Freeze,0,0,1,0,0,0,0,1,1,1,0,0,0,0,0
419,419,Mister Knife,0,0,0,0,0,0,1,0,1,0,0,0,0,0,0
420,420,Mister Mxyzptlk,1,1,0,0,1,0,0,1,1,0,1,0,0,0,1
421,421,Mister Sinister,0,1,1,0,1,0,0,1,1,1,1,1,1,1,0
422,422,Mockingbird,1,1,1,1,0,0,1,1,0,1,0,0,0,0,0
423,423,Mohinder Suresh,0,0,0,0,0,0,0,0,0,1,0,0,0,0,0
424,424,Molten Man,0,0,1,0,0,0,0,0,0,1,0,0,0,0,0
425,425,Monarch,0,0,0,0,1,0,0,0,0,1,0,0,0,0,1
426,426,Monica Dawson,0,0,0,0,0,0,0,0,0,0,0,0,0,0,0
427,427,Moon Knight,0,0,0,0,0,1,1,0,0,1,0,1,0,1,0
428,428,Moonstone,0,0,1,0,1,0,0,0,0,1,1,0,1,0,0
429,429,Morlun,1,0,1,0,0,0,0,0,0,1,0,1,1,1,0
430,430,Moses Magnum,0,0,0,0,0,0,0,0,0,0,0,0,0,0,0
431,431,Mr Immortal,0,1,0,0,0,0,0,1,0,0,0,0,0,0,0
432,432,Mr Incredible,0,0,1,0,0,0,0,0,0,1,0,1,1,0,1
433,433,Ms Marvel II,0,0,1,0,0,0,0,0,0,1,0,0,0,0,0
434,434,Multiple Man,0,0,0,0,0,0,0,0,0,0,0,0,0,0,0
435,435,Mysterio,0,0,0,0,0,0,1,0,1,0,0,1,0,0,0
436,436,Mystique,1,1,0,1,0,1,1,1,1,1,0,1,0,0,0
437,437,Namor,1,1,1,0,1,0,0,1,1,1,0,1,1,1,0
438,438,Namora,0,1,1,0,1,0,0,1,0,1,0,1,1,1,0
439,439,Namorita,1,1,1,0,1,0,0,1,0,1,0,1,1,1,0
440,440,Naruto Uzumaki,1,1,0,1,0,1,1,1,0,1,0,1,1,0,0
441,441,Nathan Petrelli,0,0,0,0,1,0,0,0,0,0,0,0,0,0,0
442,442,Nebula,0,0,1,0,0,1,0,0,0,1,0,0,0,0,0
443,443,Negasonic Teenage Warhead,0,0,0,0,0,0,0,0,0,0,0,0,0,0,0
444,444,Nick Fury,0,0,0,0,0,0,1,1,0,0,0,0,0,0,0
445,445,Nightcrawler,1,0,0,1,0,0,0,0,0,0,0,0,0,1,0
446,446,Nightwing,1,0,0,1,0,1,1,0,1,0,0,1,0,0,0
447,447,Niki Sanders,0,0,0,0,0,0,0,0,0,1,0,0,0,0,0
448,448,Nina Theroux,0,0,0,0,0,0,0,0,0,0,0,0,0,0,0
449,449,Northstar,0,0,1,0,0,0,0,0,0,0,0,0,1,1,0
450,450,Nova,1,1,1,0,1,0,0,0,0,1,1,1,1,1,1
451,451,Odin,1,1,1,1,0,0,0,1,1,1,1,1,1,1,1
452,452,Offspring,0,0,0,0,0,0,0,0,0,0,0,0,0,0,1
453,453,Omniscient,0,0,0,0,0,0,0,0,1,0,0,0,0,0,0
454,454,One Punch Man,1,0,0,0,0,0,0,0,0,1,0,1,1,1,1
455,455,One-Above-All,1,1,1,0,1,0,0,0,1,1,0,0,1,0,1
456,456,Onslaught,0,0,0,0,1,0,0,0,1,1,0,0,0,0,1
457,457,Oracle,0,0,0,0,0,0,0,0,1,0,0,0,0,0,0
458,458,Orion,1,1,1,1,1,1,1,0,1,1,1,1,0,0,0
459,459,Osiris,0,0,1,0,1,0,0,0,1,1,0,1,1,0,1
460,460,Overtkill,0,0,0,0,0,0,0,0,0,1,0,0,1,0,0
461,461,Ozymandias,1,0,0,1,0,0,0,0,1,0,0,1,0,1,0
462,462,Parademon,0,0,0,0,1,0,0,0,0,1,0,0,0,0,0
463,463,Peek-a-Boo,0,0,0,0,0,0,0,0,0,0,0,0,0,0,0
464,464,Penance II,0,0,0,0,0,0,0,0,0,0,1,0,0,0,0
465,465,Penguin,0,0,0,0,0,0,0,0,1,0,0,0,0,0,0
466,466,Peter Petrelli,0,0,0,0,0,0,0,0,0,0,0,0,0,0,0
467,467,Phantom,0,0,0,0,0,1,0,0,0,0,0,0,0,1,0
468,468,Phantom Girl,0,0,0,0,0,0,0,0,0,0,0,0,0,0,0
469,469,Phoenix,1,0,0,0,0,0,0,0,0,0,0,0,0,0,0
470,470,Plantman,0,0,1,1,0,0,0,0,0,1,0,0,0,0,1
471,471,Plastic Man,1,1,1,1,0,0,0,0,0,1,0,0,0,0,1
472,472,Plastique,0,0,0,0,0,0,0,0,0,0,1,0,0,0,0
473,473,Poison Ivy,1,1,0,0,0,1,0,0,0,1,0,0,0,0,0
474,474,Polaris,0,0,0,0,1,0,0,0,1,0,0,0,0,0,0
475,475,Power Girl,1,1,1,0,1,0,0,0,1,1,0,1,1,1,1
476,476,Predator,0,1,1,1,0,1,1,1,1,1,0,1,0,1,0
477,477,Professor X,0,0,0,0,0,0,0,0,1,0,0,0,0,0,0
478,478,Professor Zoom,0,0,0,0,0,0,0,0,0,0,0,1,1,1,0
479,479,Proto-Goblin,1,0,1,0,0,0,0,0,0,1,0,0,0,0,0
480,480,Psylocke,1,0,0,1,0,0,0,0,0,1,0,0,1,0,0
481,481,Punisher,1,0,1,1,0,1,1,0,0,0,0,1,0,1,0
482,482,Purple Man,0,1,0,0,0,0,0,0,0,0,0,0,0,0,0
483,483,Pyro,0,0,0,0,0,0,0,0,0,0,0,0,0,0,0
484,484,Q,0,0,0,1,0,0,0,0,1,0,0,0,0,0,0
485,485,Quantum,0,0,0,0,0,0,0,0,0,0,0,0,1,0,0
486,486,Queen Hippolyta,1,0,1,0,0,0,0,0,1,1,0,1,1,0,0
487,487,Question,1,0,0,0,0,0,0,0,1,0,0,0,0,0,0
488,488,Quicksilver,0,0,1,0,0,0,0,0,0,1,0,0,1,0,0
489,489,Quill,0,0,0,0,0,0,0,0,0,0,0,0,0,0,0
490,490,Ra's Al Ghul,1,0,1,0,0,0,0,1,1,1,0,1,1,0,0
491,491,Rachel Pirzad,0,0,0,0,0,0,0,0,0,0,0,0,0,0,0
492,492,Rambo,1,0,0,1,0,1,1,0,0,0,0,1,0,0,0
493,493,Raphael,1,1,0,1,0,1,1,0,0,0,0,1,0,1,0
494,494,Raven,0,0,0,0,1,0,0,0,0,0,0,0,0,0,0
495,495,Ray,0,1,1,1,1,0,0,0,0,0,0,1,1,0,1
496,496,Razor-Fist II,0,0,0,0,0,0,0,0,0,0,0,0,0,0,0
497,497,Reactron,0,0,0,0,0,0,0,0,0,0,0,0,0,0,0
498,498,Red Arrow,1,0,0,1,0,1,1,0,0,0,0,1,0,0,0
499,499,Red Hood,1,0,0,1,0,1,1,0,1,0,0,1,0,0,0
500,500,Red Hulk,0,1,1,0,0,0,0,1,0,1,0,1,1,0,0
501,501,Red Mist,1,0,0,0,0,0,0,0,0,0,0,1,0,0,0
502,502,Red Robin,1,0,0,1,0,1,1,0,1,0,0,1,0,0,0
503,503,Red Skull,0,0,0,0,0,0,0,0,0,0,0,0,0,0,0
504,504,Red Tornado,1,0,0,0,1,0,0,0,0,1,0,1,1,0,0
505,505,Redeemer II,0,0,1,0,0,0,0,0,0,1,1,1,0,0,0
506,506,Redeemer III,0,0,1,0,1,0,0,0,0,1,0,1,0,0,0
507,507,Rey,1,0,0,0,0,0,0,0,0,0,0,1,0,0,0
508,508,Rhino,0,0,1,0,0,0,0,0,0,1,0,1,1,0,0
509,509,Rick Flag,0,0,0,0,0,0,0,0,0,0,0,0,0,0,0
510,510,Riddler,0,0,0,0,0,0,0,0,1,0,0,0,0,0,0
511,511,Rip Hunter,0,0,0,1,0,0,1,0,1,0,0,0,0,0,0
512,512,Ripcord,0,0,0,0,0,0,0,0,0,0,0,0,0,0,0
513,513,Robin,0,0,0,0,0,1,1,0,1,0,0,0,0,0,0
514,514,Robin II,1,0,0,1,0,1,1,0,0,0,0,1,0,0,0
515,515,Robin III,1,0,0,1,0,1,1,0,0,0,0,1,0,0,0
516,516,Robin V,1,0,0,1,0,0,1,1,0,0,0,0,0,1,0
517,517,Robin VI,1,0,0,1,0,0,0,0,0,0,0,1,0,0,0
518,518,Rocket Raccoon,1,0,0,0,0,1,1,0,0,0,0,0,0,0,0
519,519,Rogue,0,0,0,0,0,0,0,0,0,0,0,0,0,0,0
520,520,Rorschach,1,0,0,1,0,0,1,0,1,0,0,1,0,0,0
521,521,SHDB,0,0,0,0,0,0,0,0,0,0,0,0,0,0,0
522,522,Sabretooth,1,1,1,1,0,1,1,1,0,1,0,1,1,1,0
523,523,Sage,0,0,0,0,0,0,0,0,0,0,0,0,0,0,0
524,524,Sandman,1,0,0,0,0,0,0,0,0,1,0,0,0,0,1
525,525,Sasquatch,1,0,1,0,0,0,0,0,0,1,0,1,0,0,0
526,526,Sauron,0,1,0,0,0,0,1,1,1,1,1,1,1,0,1
527,527,Savage Dragon,0,1,1,0,0,0,0,0,0,1,0,0,0,0,0
528,528,Scarecrow,0,0,0,0,0,0,0,0,0,0,0,0,0,0,0
529,529,Scarlet Spider,1,1,1,0,0,0,0,0,0,1,0,1,1,1,0
530,530,Scarlet Spider II,1,1,1,0,0,0,0,0,0,1,0,1,1,1,0
531,531,Scarlet Witch,1,0,0,0,1,0,0,1,0,0,1,0,0,0,0
532,532,Scorpia,0,0,0,0,0,0,0,0,0,1,1,0,1,0,0
533,533,Scorpion,1,0,1,0,0,0,0,0,0,1,0,0,1,1,0
534,534,Sebastian Shaw,1,0,1,0,0,0,0,0,0,1,0,0,0,0,0
535,535,Sentry,1,1,0,0,1,0,0,0,1,1,1,1,1,1,1
536,536,Shadow King,0,0,0,0,0,0,0,0,0,0,0,0,0,0,0
537,537,Shadow Lass,1,0,0,1,1,0,0,0,1,0,0,0,1,0,0
538,538,Shadowcat,0,0,0,1,0,0,1,0,1,0,0,0,0,0,0
539,539,Shang-Chi,1,0,1,1,0,0,0,0,0,0,0,1,0,1,0
540,540,Shatterstar,1,1,1,0,0,0,0,0,0,1,1,0,1,0,0
541,541,She-Hulk,0,1,1,0,0,0,0,1,1,1,0,1,0,0,1
542,542,She-Thing,0,0,1,0,0,0,0,0,0,1,0,0,0,0,0
543,543,Shocker,0,0,0,0,0,1,1,0,0,0,1,0,0,0,0
544,544,Shriek,0,0,0,0,1,0,0,0,0,0,1,0,0,0,0
545,545,Sif,1,1,1,0,0,0,1,1,0,1,0,1,1,1,0
546,546,Silk,1,1,1,1,0,1,0,0,0,1,0,1,1,1,0
547,547,Silk Spectre,0,0,0,0,0,0,0,0,0,0,0,0,0,0,0
548,548,Silk Spectre II,0,0,0,0,0,0,0,0,0,0,0,0,0,0,0
549,549,Silver Surfer,1,0,1,0,1,1,0,0,0,1,1,1,1,0,1
550,550,Silverclaw,1,0,0,0,1,0,0,0,0,1,0,0,1,0,0
551,551,Simon Baz,1,1,0,0,1,1,0,0,0,1,1,1,1,1,0
552,552,Sinestro,1,0,1,0,1,1,0,0,0,1,1,0,1,0,0
553,553,Siren,0,0,1,1,0,0,0,0,0,1,0,0,1,1,0
554,554,Siren II,0,0,0,0,0,0,0,0,0,1,0,1,0,0,0
555,555,Siryn,0,0,0,0,1,0,0,0,0,0,0,0,0,0,0
556,556,Skaar,0,1,0,0,0,0,0,0,0,1,0,1,0,0,0
557,557,Snowbird,0,1,0,0,1,0,0,0,0,1,0,1,0,0,0
558,558,Sobek,0,0,1,0,0,0,0,0,0,1,0,0,0,0,0
559,559,Solomon Grundy,0,0,1,0,0,0,0,0,0,1,0,1,0,0,1
560,560,Songbird,1,0,1,0,1,0,0,0,0,1,0,1,1,1,0
561,561,Space Ghost,1,0,0,0,1,0,1,0,1,1,1,1,0,0,1
562,562,Spawn,1,0,1,1,1,0,1,0,0,1,0,1,1,0,1
563,563,Spectre,1,1,0,1,1,1,0,1,1,1,1,1,1,0,1
564,564,Speedball,0,0,0,0,0,0,0,0,0,0,0,0,0,0,0
565,565,Speedy,0,0,0,1,0,1,1,0,0,0,0,1,0,1,0
566,566,Spider-Girl,1,1,0,1,0,0,0,0,1,1,0,1,1,1,0
567,567,Spider-Gwen,1,1,1,1,0,1,0,0,0,1,0,1,1,1,0
568,568,Spider-Man,1,1,1,1,0,1,0,0,0,1,0,1,1,1,0
569,569,Spider-Woman,1,0,1,0,1,0,0,0,0,1,1,1,1,1,0
570,570,Spider-Woman III,1,0,0,0,1,0,0,0,0,1,1,1,1,1,0
571,571,Spider-Woman IV,1,0,0,0,1,0,0,0,0,1,1,0,1,0,0
572,572,Spock,0,0,0,1,0,0,0,1,1,1,0,1,0,0,0
573,573,Spyke,0,1,0,0,0,0,0,0,0,0,0,1,0,0,0
574,574,Star-Lord,1,0,1,0,0,1,1,1,1,0,0,1,0,0,0
575,575,Stardust,0,0,1,0,1,0,0,1,0,1,1,1,1,0,1
576,576,Starfire,0,0,1,0,1,0,0,0,0,1,1,0,0,0,1
577,577,Stargirl,1,0,1,0,0,0,0,0,0,1,1,1,1,0,1
578,578,Static,1,1,1,0,1,1,0,0,1,0,1,0,0,0,0
579,579,Steel,0,0,1,0,1,0,0,0,0,1,0,0,0,0,0
580,580,Stephanie Powell,0,1,0,0,0,0,0,0,0,0,0,0,1,0,0
581,581,Steppenwolf,1,1,0,1,0,0,1,1,1,1,0,1,1,1,1
582,582,Storm,0,0,0,0,1,0,0,0,1,0,0,0,0,0,0
583,583,Stormtrooper,0,0,1,0,0,0,0,0,0,0,0,0,0,0,0
584,584,Stretch Armstrong,0,0,1,0,0,0,0,0,0,0,0,0,0,0,0
585,585,Sunspot,0,1,0,0,1,0,0,0,0,1,1,1,0,0,0
586,586,Superboy,0,1,1,0,1,0,0,0,0,1,1,0,1,0,1
587,587,Superboy-Prime,0,1,1,0,1,0,0,1,1,1,0,1,1,0,1
588,588,Supergirl,1,1,1,0,1,0,0,0,1,1,0,1,1,1,1
589,589,Superman,1,1,1,0,1,1,0,1,1,1,0,1,1,1,1
590,590,Swamp Thing,0,0,0,1,1,0,0,1,1,1,0,0,0,0,0
591,591,Swarm,0,0,1,0,1,0,0,1,1,1,0,0,0,0,0
592,592,Sylar,0,0,0,0,0,0,0,0,0,0,0,0,0,0,0
593,593,Synch,0,0,0,0,0,0,0,0,0,0,0,0,0,0,0
594,594,T-1000,1,1,1,1,0,1,1,1,1,1,0,1,1,1,1
595,595,T-800,0,0,1,1,0,0,1,1,0,1,0,1,0,0,1
596,596,T-850,0,1,1,1,0,0,1,1,0,1,0,1,0,0,1
597,597,T-X,1,1,1,1,0,1,1,1,1,1,1,1,1,1,1
598,598,TEST,0,0,0,0,0,0,0,0,0,0,0,0,0,0,0
599,599,Taskmaster,1,0,0,1,0,1,1,0,0,0,0,1,1,1,0
600,600,Tempest,0,0,0,0,1,0,0,0,0,0,0,0,0,0,0
601,601,Thanos,1,1,1,0,1,0,0,1,1,1,1,1,1,1,1
602,602,The Cape,0,0,0,0,0,0,0,0,0,0,0,0,0,0,0
603,603,The Comedian,0,0,0,0,0,0,1,0,0,0,0,0,0,0,0
604,604,Thing,0,0,1,0,0,0,0,1,0,1,0,1,0,0,1
605,605,Thor,1,1,1,0,1,0,0,1,0,1,0,1,1,1,1
606,606,Thor Girl,0,0,1,0,0,0,0,0,0,1,0,1,1,1,1
607,607,Thunderbird,0,0,1,0,0,0,0,0,0,1,0,1,1,0,0
608,608,Thunderbird III,0,0,0,0,1,0,0,0,0,0,1,0,0,0,0
609,609,Thunderstrike,0,1,1,0,0,0,0,1,0,1,0,1,1,0,0
610,610,Thundra,1,0,0,0,0,0,0,0,0,1,0,1,1,1,0
611,611,Tiger Shark,1,1,1,0,0,0,0,0,0,1,0,1,1,1,0
612,612,Tigra,1,0,0,0,0,0,0,0,0,1,0,1,1,0,0
613,613,Tinkerer,0,0,0,0,0,0,0,0,1,0,0,0,0,0,0
614,614,Titan,0,0,0,0,1,0,0,0,0,1,0,0,1,0,0
615,615,Toad,1,1,1,0,0,0,0,0,0,1,0,1,0,1,0
616,616,Tommy Clarke,0,0,0,0,0,0,0,0,0,0,0,0,0,0,0
617,617,Toxin,1,1,1,1,0,0,0,0,0,1,0,1,1,1,0
618,618,Tracy Strauss,0,0,0,0,0,0,0,0,0,0,0,0,0,0,0
619,619,Trickster,0,0,0,0,1,0,0,0,0,0,0,0,0,0,0
620,620,Trigon,0,1,1,0,1,0,0,0,0,1,0,1,0,1,0
621,621,Triplicate Girl,0,0,0,0,1,0,0,0,0,0,0,0,0,0,0
622,622,Triton,1,0,1,0,0,0,0,0,0,1,0,1,1,1,0
623,623,Tyrant,0,0,1,0,1,0,0,1,1,1,1,1,0,0,1
624,624,Ultragirl,0,0,1,0,1,0,0,0,0,1,0,1,1,1,1
625,625,Ultron,1,0,1,1,1,0,0,0,0,1,1,1,1,0,0
626,626,Utgard-Loki,0,0,1,0,0,0,0,1,0,1,0,1,0,0,1
627,627,Valerie Hart,1,0,0,0,0,0,0,0,0,1,0,0,0,1,0
628,628,Valkyrie,0,0,1,0,0,0,0,0,0,1,0,1,0,0,0
629,629,Vanisher,0,0,0,0,0,0,0,0,0,0,0,0,0,0,0
630,630,Vegeta,1,1,0,0,1,1,0,1,1,1,1,1,1,1,1
631,631,Venom,0,1,1,0,0,0,0,0,0,1,0,1,1,1,0
632,632,Venom II,1,0,1,0,0,0,0,0,0,1,0,0,1,1,0
633,633,Venom III,1,1,1,0,0,0,0,0,0,1,0,1,1,1,0
634,634,Venompool,1,1,1,1,0,1,1,1,0,1,0,1,1,1,0
635,635,Vertigo II,0,0,0,0,0,0,0,0,0,0,0,0,0,0,0
636,636,Vibe,0,0,0,0,0,0,0,0,0,0,1,0,0,0,0
637,637,Vindicator,0,0,1,0,1,0,0,0,0,0,0,0,0,0,0
638,638,Violator,0,0,1,0,0,0,0,0,0,1,0,0,0,0,0
639,639,Violet Parr,0,0,0,1,0,0,0,0,1,0,0,0,0,0,0
640,640,Vision,0,0,1,1,1,1,0,0,1,1,1,1,1,1,1
641,641,Vixen,1,1,0,1,1,0,0,0,0,1,0,1,1,0,0
642,642,Vulture,1,0,0,0,1,1,0,0,0,1,0,0,1,0,0
643,643,Walrus,0,0,1,0,0,0,0,0,0,1,0,0,0,0,0
644,644,War Machine,0,0,1,0,1,1,0,0,0,1,1,0,1,0,0
645,645,Warlock,1,0,1,0,1,0,0,0,0,1,1,1,1,1,0
646,646,Warp,0,0,0,0,1,0,0,0,0,0,0,0,0,0,0
647,647,Warpath,1,0,1,0,0,0,0,0,0,1,0,1,1,1,0
648,648,Wasp,1,0,0,1,1,0,0,0,1,1,1,0,0,0,0
649,649,Watcher,0,0,0,0,1,0,0,0,1,0,0,0,0,0,1
650,650,Weapon XI,1,1,0,0,0,0,0,0,0,1,1,0,1,0,0
651,651,White Canary,1,0,0,1,0,0,1,0,0,0,0,1,0,1,0
652,652,Wildfire,0,0,0,0,1,0,0,0,0,1,1,0,0,0,1
653,653,Winter Soldier,0,0,0,0,0,1,0,1,0,1,1,0,0,0,0
654,654,Wolfsbane,0,0,0,0,0,0,0,0,0,1,0,0,1,1,0
655,655,Wolverine,1,1,1,1,0,0,0,1,0,1,0,1,0,1,0
656,656,Wonder Girl,1,0,1,0,1,0,0,1,1,1,0,0,1,0,1
657,657,Wonder Man,0,0,1,0,1,0,0,1,0,1,1,1,1,1,1
658,658,Wonder Woman,0,1,1,0,1,1,1,1,1,1,0,1,1,1,0
659,659,X-23,1,1,1,1,0,1,0,1,0,1,0,1,0,1,0
660,660,X-Man,0,0,0,0,1,0,0,0,0,0,0,0,0,0,0
661,661,Yellowjacket,0,0,0,0,0,0,0,0,0,0,0,0,0,0,0
662,662,Yellowjacket II,0,0,0,0,1,0,0,0,0,0,1,0,0,0,0
663,663,Ymir,0,0,1,0,0,0,0,1,0,1,0,0,0,0,0
664,664,Yoda,1,0,0,1,0,1,1,1,1,0,1,1,1,1,0
665,665,Zatanna,0,0,0,0,0,0,0,0,0,0,0,0,0,0,0
666,666,Zoom,0,0,0,0,0,0,0,0,0,0,0,0,1,0,0
